{"cameraMode":{"drawMode":0,"name":"Shaded","section":"Shading Mode"},"sceneLighting":false,"audioPlay":false,"sceneViewState":{"showFog":true,"showMaterialUpdate":false,"showSkybox":true,"showFlares":true,"showImageEffects":true,"showParticleSystems":true},"in2DMode":false,"pivot":{"x":-1.4877043962478638,"y":-0.6446508169174194,"z":-4.751368522644043},"rotation":{"x":-0.03624136000871658,"y":0.057528022676706317,"z":-0.002089668530970812,"w":-0.9976851344108582},"size":12.18911075592041,"orthographic":false}